"Station Name","SURREY WHITE ROCK"
"Province","BRITISH COLUMBIA"
"Latitude","49.03"
"Longitude","-122.77"
"Elevation","54.90"
"Climate Identifier","1107H7R"
"WMO Identifier",""
"TC Identifier",""

"Legend"
"A","Accumulated"
"C","Precipitation occurred, amount uncertain"
"E","Estimated"
"F","Accumulated and estimated"
"L","Precipitation may or may not have occurred"
"M","Missing"
"N","Temperature missing but known to be > 0"
"S","More than one occurrence"
"T","Trace"
"Y","Temperature missing but known to be < 0"
"[empty]","No data available"
"^","The value displayed is based on incomplete data"
"†","Data that is not subject to review by the National Climate Archives"

"Date/Time","Year","Month","Day","Data Quality","Max Temp (°C)","Max Temp Flag","Min Temp (°C)","Min Temp Flag","Mean Temp (°C)","Mean Temp Flag","Heat Deg Days (°C)","Heat Deg Days Flag","Cool Deg Days (°C)","Cool Deg Days Flag","Total Rain (mm)","Total Rain Flag","Total Snow (cm)","Total Snow Flag","Total Precip (mm)","Total Precip Flag","Snow on Grnd (cm)","Snow on Grnd Flag","Dir of Max Gust (10s deg)","Dir of Max Gust Flag","Spd of Max Gust (km/h)","Spd of Max Gust Flag"
"1987-01-01","1987","01","01","","9.5","","4.5","","7.0","","11.0","","0.0","","7.0","","0.0","","7.0","","0","","","","",""
"1987-01-02","1987","01","02","","10.5","","5.5","","8.0","","10.0","","0.0","","11.4","","0.0","","11.4","","0","","","","",""
"1987-01-03","1987","01","03","","10.5","","5.0","","7.8","","10.2","","0.0","","2.7","","0.0","","2.7","","0","","","","",""
"1987-01-04","1987","01","04","","6.5","","5.5","","6.0","","12.0","","0.0","","4.5","","0.0","","4.5","","0","","","","",""
"1987-01-05","1987","01","05","","8.0","","1.0","","4.5","","13.5","","0.0","","0.0","","0.0","","0.0","","0","","","","",""
"1987-01-06","1987","01","06","","7.5","","-1.5","","3.0","","15.0","","0.0","","0.0","","0.0","","0.0","","0","","","","",""
"1987-01-07","1987","01","07","","5.0","","-3.0","","1.0","","17.0","","0.0","","0.0","","0.0","","0.0","","0","","","","",""
"1987-01-08","1987","01","08","","6.0","","-2.5","","1.8","","16.2","","0.0","","0.0","","0.0","","0.0","","0","","","","",""
"1987-01-09","1987","01","09","","7.0","","1.0","","4.0","","14.0","","0.0","","5.3","","0.0","","5.3","","0","","","","",""
"1987-01-10","1987","01","10","","13.0","","4.5","","8.8","","9.2","","0.0","","9.6","","0.0","","9.6","","0","","","","",""
"1987-01-11","1987","01","11","","14.0","","10.0","","12.0","","6.0","","0.0","","16.5","","0.0","","16.5","","0","","","","",""
"1987-01-12","1987","01","12","","8.5","","6.5","","7.5","","10.5","","0.0","","1.3","","0.0","","1.3","","0","","","","",""
"1987-01-13","1987","01","13","","7.0","","0.0","","3.5","","14.5","","0.0","","0.0","T","0.0","T","0.0","T","0","","","","",""
"1987-01-14","1987","01","14","","4.0","","-4.0","","0.0","","18.0","","0.0","","0.0","","0.0","","0.0","","0","T","","","",""
"1987-01-15","1987","01","15","","0.5","","-5.5","","-2.5","","20.5","","0.0","","0.0","","0.0","","0.0","","0","T","","","",""
"1987-01-16","1987","01","16","","3.5","","-4.5","","-0.5","","18.5","","0.0","","0.0","","0.0","","0.0","","0","T","","","",""
"1987-01-17","1987","01","17","","1.5","","-4.5","","-1.5","","19.5","","0.0","","3.8","","0.0","T","3.8","","0","T","","","",""
"1987-01-18","1987","01","18","","4.0","","0.5","","2.3","","15.7","","0.0","","0.0","","0.0","","0.0","","0","T","","","",""
"1987-01-19","1987","01","19","","4.5","","-1.5","","1.5","","16.5","","0.0","","0.0","","0.0","","0.0","","0","T","","","",""
"1987-01-20","1987","01","20","","4.5","","0.0","","2.3","","15.7","","0.0","","0.0","","0.0","","0.0","","0","","","","",""
"1987-01-21","1987","01","21","","7.5","","-2.0","","2.8","","15.2","","0.0","","0.0","","0.0","","0.0","","0","","","","",""
"1987-01-22","1987","01","22","","8.0","","0.0","","4.0","","14.0","","0.0","","1.7","","0.0","","1.7","","0","","","","",""
"1987-01-23","1987","01","23","","6.0","","2.0","","4.0","","14.0","","0.0","","11.1","","0.0","","11.1","","0","","","","",""
"1987-01-24","1987","01","24","","7.0","","4.0","","5.5","","12.5","","0.0","","2.3","","0.0","","2.3","","0","","","","",""
"1987-01-25","1987","01","25","","7.5","","3.5","","5.5","","12.5","","0.0","","0.8","","0.0","","0.8","","0","","","","",""
"1987-01-26","1987","01","26","","5.0","","1.5","","3.3","","14.7","","0.0","","5.2","","0.0","","5.2","","0","","","","",""
"1987-01-27","1987","01","27","","9.0","","1.5","","5.3","","12.7","","0.0","","6.4","","0.0","","6.4","","0","","","","",""
"1987-01-28","1987","01","28","","9.0","","5.0","","7.0","","11.0","","0.0","","8.8","","0.0","","8.8","","0","","","","",""
"1987-01-29","1987","01","29","","11.0","","7.0","","9.0","","9.0","","0.0","","0.6","","0.0","","0.6","","0","","","","",""
"1987-01-30","1987","01","30","","10.0","","6.5","","8.3","","9.7","","0.0","","6.6","","0.0","","6.6","","0","","","","",""
"1987-01-31","1987","01","31","","7.0","","3.0","","5.0","","13.0","","0.0","","20.0","","0.0","","20.0","","0","","","","",""
"1987-02-01","1987","02","01","","10.0","","1.0","","5.5","","12.5","","0.0","","0.0","","0.0","","0.0","","0","","","","",""
"1987-02-02","1987","02","02","","8.5","","0.5","","4.5","","13.5","","0.0","","0.3","","0.0","","0.3","","0","","","","",""
"1987-02-03","1987","02","03","","10.0","","4.0","","7.0","","11.0","","0.0","","7.3","","0.0","","7.3","","0","","","","",""
"1987-02-04","1987","02","04","","12.0","","5.5","","8.8","","9.2","","0.0","","4.2","","0.0","","4.2","","0","","","","",""
"1987-02-05","1987","02","05","","13.0","","7.5","","10.3","","7.7","","0.0","","0.0","","0.0","","0.0","","0","","","","",""
"1987-02-06","1987","02","06","","16.0","","3.5","","9.8","","8.2","","0.0","","0.0","","0.0","","0.0","","0","","","","",""
"1987-02-07","1987","02","07","","13.0","","1.5","","7.3","","10.7","","0.0","","0.0","","0.0","","0.0","","0","","","","",""
"1987-02-08","1987","02","08","","12.5","","3.0","","7.8","","10.2","","0.0","","0.0","","0.0","","0.0","","0","","","","",""
"1987-02-09","1987","02","09","","13.5","","5.0","","9.3","","8.7","","0.0","","0.8","","0.0","","0.8","","0","","","","",""
"1987-02-10","1987","02","10","","13.5","","7.5","","10.5","","7.5","","0.0","","4.3","","0.0","","4.3","","0","","","","",""
"1987-02-11","1987","02","11","","11.5","","8.5","","10.0","","8.0","","0.0","","7.1","","0.0","","7.1","","0","","","","",""
"1987-02-12","1987","02","12","","12.5","","6.0","","9.3","","8.7","","0.0","","4.1","","0.0","","4.1","","0","","","","",""
"1987-02-13","1987","02","13","","11.5","","7.0","","9.3","","8.7","","0.0","","2.3","","0.0","","2.3","","0","","","","",""
"1987-02-14","1987","02","14","","11.0","","4.5","","7.8","","10.2","","0.0","","0.0","","0.0","","0.0","","0","","","","",""
"1987-02-15","1987","02","15","","9.0","","5.0","","7.0","","11.0","","0.0","","3.6","","0.0","","3.6","","0","","","","",""
"1987-02-16","1987","02","16","","8.0","","6.5","","7.3","","10.7","","0.0","","2.4","","0.0","","2.4","","0","","","","",""
"1987-02-17","1987","02","17","","6.5","","2.0","","4.3","","13.7","","0.0","","2.3","","0.0","","2.3","","0","","","","",""
"1987-02-18","1987","02","18","","7.0","","2.0","","4.5","","13.5","","0.0","","2.8","","0.0","","2.8","","0","","","","",""
"1987-02-19","1987","02","19","","7.0","","5.0","","6.0","","12.0","","0.0","","0.0","T","0.0","","0.0","T","0","","","","",""
"1987-02-20","1987","02","20","","9.0","","5.0","","7.0","","11.0","","0.0","","0.4","","0.0","","0.4","","0","","","","",""
"1987-02-21","1987","02","21","","9.5","","4.5","","7.0","","11.0","","0.0","","0.0","","0.0","","0.0","","0","","","","",""
"1987-02-22","1987","02","22","","9.0","","2.0","","5.5","","12.5","","0.0","","0.4","","0.0","","0.4","","0","","","","",""
"1987-02-23","1987","02","23","","12.5","","-1.5","","5.5","","12.5","","0.0","","0.0","","0.0","","0.0","","0","","","","",""
"1987-02-24","1987","02","24","","10.5","","0.0","","5.3","","12.7","","0.0","","0.0","","0.0","","0.0","","0","","","","",""
"1987-02-25","1987","02","25","","10.0","","0.5","","5.3","","12.7","","0.0","","0.0","","0.0","","0.0","","0","","","","",""
"1987-02-26","1987","02","26","","9.0","","1.0","","5.0","","13.0","","0.0","","0.7","","0.0","","0.7","","0","","","","",""
"1987-02-27","1987","02","27","","8.5","","0.5","","4.5","","13.5","","0.0","","0.0","","0.0","","0.0","","0","","","","",""
"1987-02-28","1987","02","28","","6.0","","-2.0","","2.0","","16.0","","0.0","","4.8","E","1.0","E","5.8","E","0","","","","",""
"1987-03-01","1987","03","01","","7.5","","0.0","","3.8","","14.2","","0.0","","18.4","","0.0","","18.4","","0","","","","",""
"1987-03-02","1987","03","02","","11.0","","2.5","","6.8","","11.2","","0.0","","38.8","","0.0","","38.8","","0","","","","",""
"1987-03-03","1987","03","03","","13.5","","5.0","","9.3","","8.7","","0.0","","11.7","","0.0","","11.7","","0","","","","",""
"1987-03-04","1987","03","04","","14.5","","9.5","","12.0","","6.0","","0.0","","2.1","","0.0","","2.1","","0","","","","",""
"1987-03-05","1987","03","05","","13.0","","9.5","","11.3","","6.7","","0.0","","11.5","","0.0","","11.5","","0","","","","",""
"1987-03-06","1987","03","06","","12.5","","7.0","","9.8","","8.2","","0.0","","0.0","","0.0","","0.0","","0","","","","",""
"1987-03-07","1987","03","07","","13.5","","4.5","","9.0","","9.0","","0.0","","0.0","","0.0","","0.0","","0","","","","",""
"1987-03-08","1987","03","08","","16.0","","2.0","","9.0","","9.0","","0.0","","0.0","","0.0","","0.0","","0","","","","",""
"1987-03-09","1987","03","09","","13.0","","7.5","","10.3","","7.7","","0.0","","3.4","","0.0","","3.4","","0","","","","",""
"1987-03-10","1987","03","10","","10.0","","6.5","","8.3","","9.7","","0.0","","5.5","","0.0","","5.5","","0","","","","",""
"1987-03-11","1987","03","11","","12.5","","6.5","","9.5","","8.5","","0.0","","8.9","","0.0","","8.9","","0","","","","",""
"1987-03-12","1987","03","12","","11.0","","8.0","","9.5","","8.5","","0.0","","1.8","","0.0","","1.8","","0","","","","",""
"1987-03-13","1987","03","13","","13.5","","8.0","","10.8","","7.2","","0.0","","2.3","","0.0","","2.3","","0","","","","",""
"1987-03-14","1987","03","14","","13.0","","5.0","","9.0","","9.0","","0.0","","0.0","","0.0","","0.0","","0","","","","",""
"1987-03-15","1987","03","15","","13.0","","4.5","","8.8","","9.2","","0.0","","0.8","","0.0","","0.8","","0","","","","",""
"1987-03-16","1987","03","16","","10.5","","5.5","","8.0","","10.0","","0.0","","6.1","","0.0","","6.1","","0","","","","",""
"1987-03-17","1987","03","17","","11.5","","6.0","","8.8","","9.2","","0.0","","3.1","","0.0","","3.1","","0","","","","",""
"1987-03-18","1987","03","18","","9.5","","4.0","","6.8","","11.2","","0.0","","0.0","","0.0","","0.0","","0","","","","",""
"1987-03-19","1987","03","19","","10.5","","0.5","","5.5","","12.5","","0.0","","1.3","","0.0","","1.3","","0","","","","",""
"1987-03-20","1987","03","20","","11.5","","3.0","","7.3","","10.7","","0.0","","0.0","","0.0","","0.0","","0","","","","",""
"1987-03-21","1987","03","21","","15.0","","2.0","","8.5","","9.5","","0.0","","0.0","","0.0","","0.0","","0","","","","",""
"1987-03-22","1987","03","22","","15.0","","1.5","","8.3","","9.7","","0.0","","0.0","T","0.0","","0.0","T","0","","","","",""
"1987-03-23","1987","03","23","","11.0","","7.0","","9.0","","9.0","","0.0","","0.0","T","0.0","","0.0","T","0","","","","",""
"1987-03-24","1987","03","24","","12.0","","6.0","","9.0","","9.0","","0.0","","0.0","","0.0","","0.0","","0","","","","",""
"1987-03-25","1987","03","25","","9.0","","4.5","","6.8","","11.2","","0.0","","3.2","","0.0","","3.2","","0","","","","",""
"1987-03-26","1987","03","26","","11.5","","5.0","","8.3","","9.7","","0.0","","0.0","","0.0","","0.0","","0","","","","",""
"1987-03-27","1987","03","27","","11.0","","3.5","","7.3","","10.7","","0.0","","0.0","","0.0","","0.0","","0","","","","",""
"1987-03-28","1987","03","28","","14.0","","0.5","","7.3","","10.7","","0.0","","0.0","","0.0","","0.0","","0","","","","",""
"1987-03-29","1987","03","29","","15.0","","1.5","","8.3","","9.7","","0.0","","0.0","","0.0","","0.0","","0","","","","",""
"1987-03-30","1987","03","30","","16.0","","1.5","","8.8","","9.2","","0.0","","0.0","","0.0","","0.0","","0","","","","",""
"1987-03-31","1987","03","31","","19.5","","5.0","","12.3","","5.7","","0.0","","0.0","","0.0","","0.0","","0","","","","",""
"1987-04-01","1987","04","01","","24.0","","5.5","","14.8","","3.2","","0.0","","0.0","","0.0","","0.0","","0","","","","",""
"1987-04-02","1987","04","02","","22.0","","8.0","","15.0","","3.0","","0.0","","0.0","","0.0","","0.0","","0","","","","",""
"1987-04-03","1987","04","03","","11.5","","7.5","","9.5","","8.5","","0.0","","10.0","","0.0","","10.0","","0","","","","",""
"1987-04-04","1987","04","04","","13.0","","8.0","","10.5","","7.5","","0.0","","0.0","","0.0","","0.0","","0","","","","",""
"1987-04-05","1987","04","05","","15.5","","6.5","","11.0","","7.0","","0.0","","2.6","","0.0","","2.6","","0","","","","",""
"1987-04-06","1987","04","06","","13.5","","8.0","","10.8","","7.2","","0.0","","1.4","","0.0","","1.4","","0","","","","",""
"1987-04-07","1987","04","07","","14.0","","3.5","","8.8","","9.2","","0.0","","2.6","","0.0","","2.6","","0","","","","",""
"1987-04-08","1987","04","08","","12.0","","7.0","","9.5","","8.5","","0.0","","0.0","T","0.0","","0.0","T","0","","","","",""
"1987-04-09","1987","04","09","","11.5","","3.5","","7.5","","10.5","","0.0","","8.7","","0.0","","8.7","","0","","","","",""
"1987-04-10","1987","04","10","","13.5","","7.0","","10.3","","7.7","","0.0","","4.5","","0.0","","4.5","","0","","","","",""
"1987-04-11","1987","04","11","","12.0","","5.0","","8.5","","9.5","","0.0","","1.5","","0.0","","1.5","","0","","","","",""
"1987-04-12","1987","04","12","","12.5","","4.0","","8.3","","9.7","","0.0","","0.0","","0.0","","0.0","","0","","","","",""
"1987-04-13","1987","04","13","","16.0","","6.5","","11.3","","6.7","","0.0","","7.7","","0.0","","7.7","","0","","","","",""
"1987-04-14","1987","04","14","","16.0","","8.5","","12.3","","5.7","","0.0","","0.0","T","0.0","","0.0","T","0","","","","",""
"1987-04-15","1987","04","15","","10.5","","9.0","","9.8","","8.2","","0.0","","23.7","","0.0","","23.7","","0","","","","",""
"1987-04-16","1987","04","16","","14.0","","8.0","","11.0","","7.0","","0.0","","0.0","","0.0","","0.0","","0","","","","",""
"1987-04-17","1987","04","17","","12.0","","2.5","","7.3","","10.7","","0.0","","1.6","","0.0","","1.6","","0","","","","",""
"1987-04-18","1987","04","18","","11.0","","3.0","","7.0","","11.0","","0.0","","0.0","","0.0","","0.0","","0","","","","",""
"1987-04-19","1987","04","19","","12.0","","2.0","","7.0","","11.0","","0.0","","0.0","","0.0","","0.0","","0","","","","",""
"1987-04-20","1987","04","20","","12.5","","1.5","","7.0","","11.0","","0.0","","0.0","T","0.0","","0.0","T","0","","","","",""
"1987-04-21","1987","04","21","","15.0","","7.0","","11.0","","7.0","","0.0","","0.0","","0.0","","0.0","","0","","","","",""
"1987-04-22","1987","04","22","","16.0","","4.0","","10.0","","8.0","","0.0","","0.0","","0.0","","0.0","","0","","","","",""
"1987-04-23","1987","04","23","","16.0","","6.5","","11.3","","6.7","","0.0","","0.0","","0.0","","0.0","","0","","","","",""
"1987-04-24","1987","04","24","","12.5","","5.0","","8.8","","9.2","","0.0","","0.0","","0.0","","0.0","","0","","","","",""
"1987-04-25","1987","04","25","","16.5","","2.5","","9.5","","8.5","","0.0","","0.0","","0.0","","0.0","","0","","","","",""
"1987-04-26","1987","04","26","","22.5","","3.0","","12.8","","5.2","","0.0","","0.0","","0.0","","0.0","","0","","","","",""
"1987-04-27","1987","04","27","","27.0","","7.0","","17.0","","1.0","","0.0","","0.0","","0.0","","0.0","","0","","","","",""
"1987-04-28","1987","04","28","","16.5","","12.0","","14.3","","3.7","","0.0","","1.1","","0.0","","1.1","","0","","","","",""
"1987-04-29","1987","04","29","","20.0","","8.0","","14.0","","4.0","","0.0","","5.9","","0.0","","5.9","","0","","","","",""
"1987-04-30","1987","04","30","","15.0","","11.0","","13.0","","5.0","","0.0","","28.3","","0.0","","28.3","","0","","","","",""
"1987-05-01","1987","05","01","","15.0","","7.5","","11.3","","6.7","","0.0","","6.3","","0.0","","6.3","","0","","","","",""
"1987-05-02","1987","05","02","","14.0","","7.0","","10.5","","7.5","","0.0","","2.7","","0.0","","2.7","","0","","","","",""
"1987-05-03","1987","05","03","","14.5","","7.5","","11.0","","7.0","","0.0","","4.2","","0.0","","4.2","","0","","","","",""
"1987-05-04","1987","05","04","","18.5","","10.0","","14.3","","3.7","","0.0","","1.3","","0.0","","1.3","","0","","","","",""
"1987-05-05","1987","05","05","","22.0","","6.5","","14.3","","3.7","","0.0","","0.0","","0.0","","0.0","","0","","","","",""
"1987-05-06","1987","05","06","","24.0","","7.5","","15.8","","2.2","","0.0","","0.0","","0.0","","0.0","","0","","","","",""
"1987-05-07","1987","05","07","","26.0","","8.0","","17.0","","1.0","","0.0","","0.0","","0.0","","0.0","","0","","","","",""
"1987-05-08","1987","05","08","","24.5","","9.5","","17.0","","1.0","","0.0","","0.0","","0.0","","0.0","","0","","","","",""
"1987-05-09","1987","05","09","","22.5","","8.0","","15.3","","2.7","","0.0","","0.0","","0.0","","0.0","","0","","","","",""
"1987-05-10","1987","05","10","","23.5","","8.5","","16.0","","2.0","","0.0","","0.0","","0.0","","0.0","","0","","","","",""
"1987-05-11","1987","05","11","","14.0","","12.0","","13.0","","5.0","","0.0","","16.8","","0.0","","16.8","","0","","","","",""
"1987-05-12","1987","05","12","","14.0","","6.5","","10.3","","7.7","","0.0","","0.0","","0.0","","0.0","","0","","","","",""
"1987-05-13","1987","05","13","","17.0","","6.0","","11.5","","6.5","","0.0","","11.2","","0.0","","11.2","","0","","","","",""
"1987-05-14","1987","05","14","","16.0","","11.0","","13.5","","4.5","","0.0","","0.0","","0.0","","0.0","","0","","","","",""
"1987-05-15","1987","05","15","","15.0","","9.0","","12.0","","6.0","","0.0","","0.0","","0.0","","0.0","","0","","","","",""
"1987-05-16","1987","05","16","","19.5","","5.0","","12.3","","5.7","","0.0","","0.0","","0.0","","0.0","","0","","","","",""
"1987-05-17","1987","05","17","","15.5","","6.0","","10.8","","7.2","","0.0","","0.3","","0.0","","0.3","","0","","","","",""
"1987-05-18","1987","05","18","","13.0","","6.0","","9.5","","8.5","","0.0","","0.0","T","0.0","","0.0","T","0","","","","",""
"1987-05-19","1987","05","19","","15.5","","5.5","","10.5","","7.5","","0.0","","0.0","","0.0","","0.0","","0","","","","",""
"1987-05-20","1987","05","20","","20.0","","6.0","","13.0","","5.0","","0.0","","0.0","","0.0","","0.0","","0","","","","",""
"1987-05-21","1987","05","21","","19.5","","6.5","","13.0","","5.0","","0.0","","0.0","","0.0","","0.0","","0","","","","",""
"1987-05-22","1987","05","22","","16.0","","7.5","","11.8","","6.2","","0.0","","0.0","","0.0","","0.0","","0","","","","",""
"1987-05-23","1987","05","23","","19.0","","5.5","","12.3","","5.7","","0.0","","0.0","","0.0","","0.0","","0","","","","",""
"1987-05-24","1987","05","24","","19.0","","6.5","","12.8","","5.2","","0.0","","0.0","","0.0","","0.0","","0","","","","",""
"1987-05-25","1987","05","25","","17.0","","8.5","","12.8","","5.2","","0.0","","0.0","","0.0","","0.0","","0","","","","",""
"1987-05-26","1987","05","26","","16.0","","9.0","","12.5","","5.5","","0.0","","0.0","","0.0","","0.0","","0","","","","",""
"1987-05-27","1987","05","27","","15.0","","10.5","","12.8","","5.2","","0.0","","3.8","","0.0","","3.8","","0","","","","",""
"1987-05-28","1987","05","28","","15.5","","10.5","","13.0","","5.0","","0.0","","0.0","T","0.0","","0.0","T","0","","","","",""
"1987-05-29","1987","05","29","","16.0","","10.0","","13.0","","5.0","","0.0","","27.0","","0.0","","27.0","","0","","","","",""
"1987-05-30","1987","05","30","","16.0","","10.0","","13.0","","5.0","","0.0","","12.6","","0.0","","12.6","","0","","","","",""
"1987-05-31","1987","05","31","","16.0","","9.5","","12.8","","5.2","","0.0","","0.0","","0.0","","0.0","","0","","","","",""
"1987-06-01","1987","06","01","","16.0","","9.5","","12.8","","5.2","","0.0","","0.0","","0.0","","0.0","","0","","","","",""
"1987-06-02","1987","06","02","","19.5","","4.5","","12.0","","6.0","","0.0","","0.0","","0.0","","0.0","","0","","","","",""
"1987-06-03","1987","06","03","","25.0","","8.0","","16.5","","1.5","","0.0","","0.0","","0.0","","0.0","","0","","","","",""
"1987-06-04","1987","06","04","","24.5","","11.0","","17.8","","0.2","","0.0","","0.0","","0.0","","0.0","","0","","","","",""
"1987-06-05","1987","06","05","","18.5","","12.5","","15.5","","2.5","","0.0","","0.0","","0.0","","0.0","","0","","","","",""
"1987-06-06","1987","06","06","","19.5","","11.0","","15.3","","2.7","","0.0","","0.0","","0.0","","0.0","","0","","","","",""
"1987-06-07","1987","06","07","","23.5","","8.5","","16.0","","2.0","","0.0","","0.0","","0.0","","0.0","","0","","","","",""
"1987-06-08","1987","06","08","","15.0","","9.5","","12.3","","5.7","","0.0","","0.7","","0.0","","0.7","","0","","","","",""
"1987-06-09","1987","06","09","","17.0","","7.5","","12.3","","5.7","","0.0","","0.0","","0.0","","0.0","","0","","","","",""
"1987-06-10","1987","06","10","","15.5","","10.0","","12.8","","5.2","","0.0","","0.0","","0.0","","0.0","","0","","","","",""
"1987-06-11","1987","06","11","","21.0","","12.0","","16.5","","1.5","","0.0","","0.8","","0.0","","0.8","","0","","","","",""
"1987-06-12","1987","06","12","","21.0","","13.0","","17.0","","1.0","","0.0","","0.0","","0.0","","0.0","","0","","","","",""
"1987-06-13","1987","06","13","","22.0","","14.0","","18.0","","0.0","","0.0","","0.0","","0.0","","0.0","","0","","","","",""
"1987-06-14","1987","06","14","","21.0","","9.0","","15.0","","3.0","","0.0","","0.0","","0.0","","0.0","","0","","","","",""
"1987-06-15","1987","06","15","","17.0","","10.5","","13.8","","4.2","","0.0","","0.0","","0.0","","0.0","","0","","","","",""
"1987-06-16","1987","06","16","","17.5","","7.5","","12.5","","5.5","","0.0","","0.0","","0.0","","0.0","","0","","","","",""
"1987-06-17","1987","06","17","","19.5","","8.0","","13.8","","4.2","","0.0","","0.0","","0.0","","0.0","","0","","","","",""
"1987-06-18","1987","06","18","","20.0","","7.0","","13.5","","4.5","","0.0","","0.0","","0.0","","0.0","","0","","","","",""
"1987-06-19","1987","06","19","","20.5","","9.0","","14.8","","3.2","","0.0","","0.0","","0.0","","0.0","","0","","","","",""
"1987-06-20","1987","06","20","","16.0","","10.0","","13.0","","5.0","","0.0","","6.6","","0.0","","6.6","","0","","","","",""
"1987-06-21","1987","06","21","","17.0","","11.0","","14.0","","4.0","","0.0","","2.4","","0.0","","2.4","","0","","","","",""
"1987-06-22","1987","06","22","","18.0","","10.5","","14.3","","3.7","","0.0","","0.0","","0.0","","0.0","","0","","","","",""
"1987-06-23","1987","06","23","","19.0","","7.0","","13.0","","5.0","","0.0","","0.0","","0.0","","0.0","","0","","","","",""
"1987-06-24","1987","06","24","","22.0","","7.5","","14.8","","3.2","","0.0","","0.0","","0.0","","0.0","","0","","","","",""
"1987-06-25","1987","06","25","","26.0","","10.5","","18.3","","0.0","","0.3","","0.0","","0.0","","0.0","","0","","","","",""
"1987-06-26","1987","06","26","","24.0","","11.0","","17.5","","0.5","","0.0","","0.0","","0.0","","0.0","","0","","","","",""
"1987-06-27","1987","06","27","","22.5","","12.5","","17.5","","0.5","","0.0","","0.0","","0.0","","0.0","","0","","","","",""
"1987-06-28","1987","06","28","","25.0","","12.0","","18.5","","0.0","","0.5","","0.0","","0.0","","0.0","","0","","","","",""
"1987-06-29","1987","06","29","","28.5","","13.0","","20.8","","0.0","","2.8","","0.0","","0.0","","0.0","","0","","","","",""
"1987-06-30","1987","06","30","","27.0","","14.5","","20.8","","0.0","","2.8","","0.0","","0.0","","0.0","","0","","","","",""
"1987-07-01","1987","07","01","","21.0","","14.0","","17.5","","0.5","","0.0","","0.0","","0.0","","0.0","","0","","","","",""
"1987-07-02","1987","07","02","","20.0","","13.0","","16.5","","1.5","","0.0","","0.0","","0.0","","0.0","","0","","","","",""
"1987-07-03","1987","07","03","","20.5","","15.0","","17.8","","0.2","","0.0","","0.0","","0.0","","0.0","","0","","","","",""
"1987-07-04","1987","07","04","","16.5","","13.0","","14.8","","3.2","","0.0","","14.3","","0.0","","14.3","","0","","","","",""
"1987-07-05","1987","07","05","","14.5","","12.0","","13.3","","4.7","","0.0","","8.0","","0.0","","8.0","","0","","","","",""
"1987-07-06","1987","07","06","","18.5","","10.5","","14.5","","3.5","","0.0","","0.7","","0.0","","0.7","","0","","","","",""
"1987-07-07","1987","07","07","","19.0","","12.5","","15.8","","2.2","","0.0","","2.4","","0.0","","2.4","","0","","","","",""
"1987-07-08","1987","07","08","","18.0","","11.0","","14.5","","3.5","","0.0","","2.2","","0.0","","2.2","","0","","","","",""
"1987-07-09","1987","07","09","","17.5","","10.5","","14.0","","4.0","","0.0","","0.0","","0.0","","0.0","","0","","","","",""
"1987-07-10","1987","07","10","","21.0","","8.5","","14.8","","3.2","","0.0","","0.0","","0.0","","0.0","","0","","","","",""
"1987-07-11","1987","07","11","","25.0","","11.5","","18.3","","0.0","","0.3","","0.0","","0.0","","0.0","","0","","","","",""
"1987-07-12","1987","07","12","","26.0","","11.0","","18.5","","0.0","","0.5","","0.0","","0.0","","0.0","","0","","","","",""
"1987-07-13","1987","07","13","","25.0","","10.5","","17.8","","0.2","","0.0","","0.0","","0.0","","0.0","","0","","","","",""
"1987-07-14","1987","07","14","","24.0","","11.5","","17.8","","0.2","","0.0","","0.0","","0.0","","0.0","","0","","","","",""
"1987-07-15","1987","07","15","","20.0","","11.5","","15.8","","2.2","","0.0","","0.0","","0.0","","0.0","","0","","","","",""
"1987-07-16","1987","07","16","","22.0","","11.5","","16.8","","1.2","","0.0","","0.0","","0.0","","0.0","","0","","","","",""
"1987-07-17","1987","07","17","","27.0","","10.0","","18.5","","0.0","","0.5","","0.0","T","0.0","","0.0","T","0","","","","",""
"1987-07-18","1987","07","18","","24.5","","15.5","","20.0","","0.0","","2.0","","0.8","","0.0","","0.8","","0","","","","",""
"1987-07-19","1987","07","19","","19.0","","15.0","","17.0","","1.0","","0.0","","0.0","","0.0","","0.0","","0","","","","",""
"1987-07-20","1987","07","20","","24.5","","11.5","","18.0","","0.0","","0.0","","0.0","","0.0","","0.0","","0","","","","",""
"1987-07-21","1987","07","21","","27.5","","12.5","","20.0","","0.0","","2.0","","0.0","","0.0","","0.0","","0","","","","",""
"1987-07-22","1987","07","22","","19.5","","14.0","","16.8","","1.2","","0.0","","0.0","","0.0","","0.0","","0","","","","",""
"1987-07-23","1987","07","23","","22.5","","13.0","","17.8","","0.2","","0.0","","0.0","","0.0","","0.0","","0","","","","",""
"1987-07-24","1987","07","24","","22.0","","12.5","","17.3","","0.7","","0.0","","0.0","T","0.0","","0.0","T","0","","","","",""
"1987-07-25","1987","07","25","","19.5","","13.0","","16.3","","1.7","","0.0","","0.2","","0.0","","0.2","","0","","","","",""
"1987-07-26","1987","07","26","","22.0","","13.0","","17.5","","0.5","","0.0","","2.8","","0.0","","2.8","","0","","","","",""
"1987-07-27","1987","07","27","","21.5","","12.0","","16.8","","1.2","","0.0","","0.0","","0.0","","0.0","","0","","","","",""
"1987-07-28","1987","07","28","","22.5","","9.0","","15.8","","2.2","","0.0","","0.0","","0.0","","0.0","","0","","","","",""
"1987-07-29","1987","07","29","","22.0","","10.5","","16.3","","1.7","","0.0","","0.0","","0.0","","0.0","","0","","","","",""
"1987-07-30","1987","07","30","","21.0","","10.5","","15.8","","2.2","","0.0","","3.2","","0.0","","3.2","","0","","","","",""
"1987-07-31","1987","07","31","","20.5","","12.0","","16.3","","1.7","","0.0","","0.0","","0.0","","0.0","","0","","","","",""
"1987-08-01","1987","08","01","","","","","","","","","","","","","","","","","","","","","","",""
"1987-08-02","1987","08","02","","","","","","","","","","","","","","","","","","","","","","",""
"1987-08-03","1987","08","03","","","","","","","","","","","","","","","","","","","","","","",""
"1987-08-04","1987","08","04","","","","","","","","","","","","","","","","","","","","","","",""
"1987-08-05","1987","08","05","","","","","","","","","","","","","","","","","","","","","","",""
"1987-08-06","1987","08","06","","","","","","","","","","","","","","","","","","","","","","",""
"1987-08-07","1987","08","07","","","","","","","","","","","","","","","","","","","","","","",""
"1987-08-08","1987","08","08","","","","","","","","","","","","","","","","","","","","","","",""
"1987-08-09","1987","08","09","","","","","","","","","","","","","","","","","","","","","","",""
"1987-08-10","1987","08","10","","","","","","","","","","","","","","","","","","","","","","",""
"1987-08-11","1987","08","11","","","","","","","","","","","","","","","","","","","","","","",""
"1987-08-12","1987","08","12","","","","","","","","","","","","","","","","","","","","","","",""
"1987-08-13","1987","08","13","","","","","","","","","","","","","","","","","","","","","","",""
"1987-08-14","1987","08","14","","","","","","","","","","","","","","","","","","","","","","",""
"1987-08-15","1987","08","15","","","","","","","","","","","","","","","","","","","","","","",""
"1987-08-16","1987","08","16","","","","","","","","","","","","","","","","","","","","","","",""
"1987-08-17","1987","08","17","","","","","","","","","","","","","","","","","","","","","","",""
"1987-08-18","1987","08","18","","","","","","","","","","","","","","","","","","","","","","",""
"1987-08-19","1987","08","19","","","","","","","","","","","","","","","","","","","","","","",""
"1987-08-20","1987","08","20","","","","","","","","","","","","","","","","","","","","","","",""
"1987-08-21","1987","08","21","","","","","","","","","","","","","","","","","","","","","","",""
"1987-08-22","1987","08","22","","","","","","","","","","","","","","","","","","","","","","",""
"1987-08-23","1987","08","23","","","","","","","","","","","","","","","","","","","","","","",""
"1987-08-24","1987","08","24","","","","","","","","","","","","","","","","","","","","","","",""
"1987-08-25","1987","08","25","","","","","","","","","","","","","","","","","","","","","","",""
"1987-08-26","1987","08","26","","","","","","","","","","","","","","","","","","","","","","",""
"1987-08-27","1987","08","27","","","","","","","","","","","","","","","","","","","","","","",""
"1987-08-28","1987","08","28","","","","","","","","","","","","","","","","","","","","","","",""
"1987-08-29","1987","08","29","","","","","","","","","","","","","","","","","","","","","","",""
"1987-08-30","1987","08","30","","","","","","","","","","","","","","","","","","","","","","",""
"1987-08-31","1987","08","31","","","","","","","","","","","","","","","","","","","","","","",""
"1987-09-01","1987","09","01","","","","","","","","","","","","","","","","","","","","","","",""
"1987-09-02","1987","09","02","","","","","","","","","","","","","","","","","","","","","","",""
"1987-09-03","1987","09","03","","","","","","","","","","","","","","","","","","","","","","",""
"1987-09-04","1987","09","04","","","","","","","","","","","","","","","","","","","","","","",""
"1987-09-05","1987","09","05","","","","","","","","","","","","","","","","","","","","","","",""
"1987-09-06","1987","09","06","","","","","","","","","","","","","","","","","","","","","","",""
"1987-09-07","1987","09","07","","","","","","","","","","","","","","","","","","","","","","",""
"1987-09-08","1987","09","08","","","","","","","","","","","","","","","","","","","","","","",""
"1987-09-09","1987","09","09","","","","","","","","","","","","","","","","","","","","","","",""
"1987-09-10","1987","09","10","","","","","","","","","","","","","","","","","","","","","","",""
"1987-09-11","1987","09","11","","","","","","","","","","","","","","","","","","","","","","",""
"1987-09-12","1987","09","12","","","","","","","","","","","","","","","","","","","","","","",""
"1987-09-13","1987","09","13","","","","","","","","","","","","","","","","","","","","","","",""
"1987-09-14","1987","09","14","","","","","","","","","","","","","","","","","","","","","","",""
"1987-09-15","1987","09","15","","","","","","","","","","","","","","","","","","","","","","",""
"1987-09-16","1987","09","16","","","","","","","","","","","","","","","","","","","","","","",""
"1987-09-17","1987","09","17","","","","","","","","","","","","","","","","","","","","","","",""
"1987-09-18","1987","09","18","","","","","","","","","","","","","","","","","","","","","","",""
"1987-09-19","1987","09","19","","","","","","","","","","","","","","","","","","","","","","",""
"1987-09-20","1987","09","20","","","","","","","","","","","","","","","","","","","","","","",""
"1987-09-21","1987","09","21","","","","","","","","","","","","","","","","","","","","","","",""
"1987-09-22","1987","09","22","","","","","","","","","","","","","","","","","","","","","","",""
"1987-09-23","1987","09","23","","","","","","","","","","","","","","","","","","","","","","",""
"1987-09-24","1987","09","24","","","","","","","","","","","","","","","","","","","","","","",""
"1987-09-25","1987","09","25","","","","","","","","","","","","","","","","","","","","","","",""
"1987-09-26","1987","09","26","","","","","","","","","","","","","","","","","","","","","","",""
"1987-09-27","1987","09","27","","","","","","","","","","","","","","","","","","","","","","",""
"1987-09-28","1987","09","28","","","","","","","","","","","","","","","","","","","","","","",""
"1987-09-29","1987","09","29","","","","","","","","","","","","","","","","","","","","","","",""
"1987-09-30","1987","09","30","","","","","","","","","","","","","","","","","","","","","","",""
"1987-10-01","1987","10","01","","","","","","","","","","","","","","","","","","","","","","",""
"1987-10-02","1987","10","02","","","","","","","","","","","","","","","","","","","","","","",""
"1987-10-03","1987","10","03","","","","","","","","","","","","","","","","","","","","","","",""
"1987-10-04","1987","10","04","","","","","","","","","","","","","","","","","","","","","","",""
"1987-10-05","1987","10","05","","","","","","","","","","","","","","","","","","","","","","",""
"1987-10-06","1987","10","06","","","","","","","","","","","","","","","","","","","","","","",""
"1987-10-07","1987","10","07","","","","","","","","","","","","","","","","","","","","","","",""
"1987-10-08","1987","10","08","","","","","","","","","","","","","","","","","","","","","","",""
"1987-10-09","1987","10","09","","","","","","","","","","","","","","","","","","","","","","",""
"1987-10-10","1987","10","10","","","","","","","","","","","","","","","","","","","","","","",""
"1987-10-11","1987","10","11","","","","","","","","","","","","","","","","","","","","","","",""
"1987-10-12","1987","10","12","","","","","","","","","","","","","","","","","","","","","","",""
"1987-10-13","1987","10","13","","","","","","","","","","","","","","","","","","","","","","",""
"1987-10-14","1987","10","14","","","","","","","","","","","","","","","","","","","","","","",""
"1987-10-15","1987","10","15","","","","","","","","","","","","","","","","","","","","","","",""
"1987-10-16","1987","10","16","","","","","","","","","","","","","","","","","","","","","","",""
"1987-10-17","1987","10","17","","","","","","","","","","","","","","","","","","","","","","",""
"1987-10-18","1987","10","18","","","","","","","","","","","","","","","","","","","","","","",""
"1987-10-19","1987","10","19","","","","","","","","","","","","","","","","","","","","","","",""
"1987-10-20","1987","10","20","","","","","","","","","","","","","","","","","","","","","","",""
"1987-10-21","1987","10","21","","","","","","","","","","","","","","","","","","","","","","",""
"1987-10-22","1987","10","22","","","","","","","","","","","","","","","","","","","","","","",""
"1987-10-23","1987","10","23","","","","","","","","","","","","","","","","","","","","","","",""
"1987-10-24","1987","10","24","","","","","","","","","","","","","","","","","","","","","","",""
"1987-10-25","1987","10","25","","","","","","","","","","","","","","","","","","","","","","",""
"1987-10-26","1987","10","26","","","","","","","","","","","","","","","","","","","","","","",""
"1987-10-27","1987","10","27","","","","","","","","","","","","","","","","","","","","","","",""
"1987-10-28","1987","10","28","","","","","","","","","","","","","","","","","","","","","","",""
"1987-10-29","1987","10","29","","","","","","","","","","","","","","","","","","","","","","",""
"1987-10-30","1987","10","30","","","","","","","","","","","","","","","","","","","","","","",""
"1987-10-31","1987","10","31","","","","","","","","","","","","","","","","","","","","","","",""
"1987-11-01","1987","11","01","","","","","","","","","","","","","","","","","","","","","","",""
"1987-11-02","1987","11","02","","","","","","","","","","","","","","","","","","","","","","",""
"1987-11-03","1987","11","03","","","","","","","","","","","","","","","","","","","","","","",""
"1987-11-04","1987","11","04","","","","","","","","","","","","","","","","","","","","","","",""
"1987-11-05","1987","11","05","","","","","","","","","","","","","","","","","","","","","","",""
"1987-11-06","1987","11","06","","","","","","","","","","","","","","","","","","","","","","",""
"1987-11-07","1987","11","07","","","","","","","","","","","","","","","","","","","","","","",""
"1987-11-08","1987","11","08","","","","","","","","","","","","","","","","","","","","","","",""
"1987-11-09","1987","11","09","","","","","","","","","","","","","","","","","","","","","","",""
"1987-11-10","1987","11","10","","","","","","","","","","","","","","","","","","","","","","",""
"1987-11-11","1987","11","11","","","","","","","","","","","","","","","","","","","","","","",""
"1987-11-12","1987","11","12","","","","","","","","","","","","","","","","","","","","","","",""
"1987-11-13","1987","11","13","","","","","","","","","","","","","","","","","","","","","","",""
"1987-11-14","1987","11","14","","","","","","","","","","","","","","","","","","","","","","",""
"1987-11-15","1987","11","15","","","","","","","","","","","","","","","","","","","","","","",""
"1987-11-16","1987","11","16","","","","","","","","","","","","","","","","","","","","","","",""
"1987-11-17","1987","11","17","","","","","","","","","","","","","","","","","","","","","","",""
"1987-11-18","1987","11","18","","","","","","","","","","","","","","","","","","","","","","",""
"1987-11-19","1987","11","19","","","","","","","","","","","","","","","","","","","","","","",""
"1987-11-20","1987","11","20","","","","","","","","","","","","","","","","","","","","","","",""
"1987-11-21","1987","11","21","","","","","","","","","","","","","","","","","","","","","","",""
"1987-11-22","1987","11","22","","","","","","","","","","","","","","","","","","","","","","",""
"1987-11-23","1987","11","23","","","","","","","","","","","","","","","","","","","","","","",""
"1987-11-24","1987","11","24","","","","","","","","","","","","","","","","","","","","","","",""
"1987-11-25","1987","11","25","","","","","","","","","","","","","","","","","","","","","","",""
"1987-11-26","1987","11","26","","","","","","","","","","","","","","","","","","","","","","",""
"1987-11-27","1987","11","27","","","","","","","","","","","","","","","","","","","","","","",""
"1987-11-28","1987","11","28","","","","","","","","","","","","","","","","","","","","","","",""
"1987-11-29","1987","11","29","","","","","","","","","","","","","","","","","","","","","","",""
"1987-11-30","1987","11","30","","","","","","","","","","","","","","","","","","","","","","",""
"1987-12-01","1987","12","01","","","","","","","","","","","","","","","","","","","","","","",""
"1987-12-02","1987","12","02","","","","","","","","","","","","","","","","","","","","","","",""
"1987-12-03","1987","12","03","","","","","","","","","","","","","","","","","","","","","","",""
"1987-12-04","1987","12","04","","","","","","","","","","","","","","","","","","","","","","",""
"1987-12-05","1987","12","05","","","","","","","","","","","","","","","","","","","","","","",""
"1987-12-06","1987","12","06","","","","","","","","","","","","","","","","","","","","","","",""
"1987-12-07","1987","12","07","","","","","","","","","","","","","","","","","","","","","","",""
"1987-12-08","1987","12","08","","","","","","","","","","","","","","","","","","","","","","",""
"1987-12-09","1987","12","09","","","","","","","","","","","","","","","","","","","","","","",""
"1987-12-10","1987","12","10","","","","","","","","","","","","","","","","","","","","","","",""
"1987-12-11","1987","12","11","","","","","","","","","","","","","","","","","","","","","","",""
"1987-12-12","1987","12","12","","","","","","","","","","","","","","","","","","","","","","",""
"1987-12-13","1987","12","13","","","","","","","","","","","","","","","","","","","","","","",""
"1987-12-14","1987","12","14","","","","","","","","","","","","","","","","","","","","","","",""
"1987-12-15","1987","12","15","","","","","","","","","","","","","","","","","","","","","","",""
"1987-12-16","1987","12","16","","","","","","","","","","","","","","","","","","","","","","",""
"1987-12-17","1987","12","17","","","","","","","","","","","","","","","","","","","","","","",""
"1987-12-18","1987","12","18","","","","","","","","","","","","","","","","","","","","","","",""
"1987-12-19","1987","12","19","","","","","","","","","","","","","","","","","","","","","","",""
"1987-12-20","1987","12","20","","","","","","","","","","","","","","","","","","","","","","",""
"1987-12-21","1987","12","21","","","","","","","","","","","","","","","","","","","","","","",""
"1987-12-22","1987","12","22","","","","","","","","","","","","","","","","","","","","","","",""
"1987-12-23","1987","12","23","","","","","","","","","","","","","","","","","","","","","","",""
"1987-12-24","1987","12","24","","","","","","","","","","","","","","","","","","","","","","",""
"1987-12-25","1987","12","25","","","","","","","","","","","","","","","","","","","","","","",""
"1987-12-26","1987","12","26","","","","","","","","","","","","","","","","","","","","","","",""
"1987-12-27","1987","12","27","","","","","","","","","","","","","","","","","","","","","","",""
"1987-12-28","1987","12","28","","","","","","","","","","","","","","","","","","","","","","",""
"1987-12-29","1987","12","29","","","","","","","","","","","","","","","","","","","","","","",""
"1987-12-30","1987","12","30","","","","","","","","","","","","","","","","","","","","","","",""
"1987-12-31","1987","12","31","","","","","","","","","","","","","","","","","","","","","","",""
